[
    {
        "type": [
            {
                "title": "Elevate Your Style",
                "subtitle": "With Timeless Men's Watches",
                "ctaButtonText": "Shop Now",
                "ctaButtonLink": "/store",

                "backgroundImage": 1,
                "blockName": null,
                "blockType": "hero"
            }
        ],

        "globalType": "hero-section"
    },
    {
        "type": [
            {
                "copyright": {
                    "root": {
                        "children": [
                            {
                                "children": [
                                    {
                                        "detail": 0,
                                        "format": 0,
                                        "mode": "normal",
                                        "style": "",
                                        "text": "© {{dateYear}} {{storeName}} Store. All rights reserved...",
                                        "type": "text",
                                        "version": 1
                                    }
                                ],
                                "direction": "ltr",
                                "format": "",
                                "indent": 0,
                                "type": "paragraph",
                                "version": 1,
                                "textFormat": 0,
                                "textStyle": ""
                            }
                        ],
                        "direction": "ltr",
                        "format": "",
                        "indent": 0,
                        "type": "root",
                        "version": 1
                    }
                },

                "poweredBy": {
                    "root": {
                        "children": [
                            {
                                "children": [
                                    {
                                        "detail": 0,
                                        "format": 0,
                                        "mode": "normal",
                                        "style": "",
                                        "text": "Powered by",
                                        "type": "text",
                                        "version": 1
                                    }
                                ],
                                "direction": "ltr",
                                "format": "",
                                "indent": 0,
                                "type": "paragraph",
                                "version": 1,
                                "textFormat": 0,
                                "textStyle": ""
                            }
                        ],
                        "direction": "ltr",
                        "format": "",
                        "indent": 0,
                        "type": "root",
                        "version": 1
                    }
                },
                "blockName": null,
                "blockType": "basic-footer"
            }
        ],
        "globalType": "footer"
    }
]
