[
    {
        "pid": "1446366641976905728",
        "title": "Watch Wallet Sunglasses Belt Gift Box Set For Men",
        "currency": "USD",
        "visible": true,

        "salesChannels": [],

        "description": {
            "root": {
                "children": [
                    {
                        "children": [
                            {
                                "detail": 0,
                                "format": 1,
                                "mode": "normal",
                                "style": "",
                                "text": "Product information:",
                                "type": "text",
                                "version": 1
                            }
                        ],
                        "direction": null,
                        "format": "",
                        "indent": 0,
                        "type": "paragraph",
                        "version": 1,
                        "textFormat": 0,
                        "textStyle": ""
                    },

                    {
                        "children": [
                            {
                                "detail": 0,
                                "format": 0,
                                "mode": "normal",
                                "style": "",
                                "text": "Style: Simple",
                                "type": "text",
                                "version": 1
                            },

                            {
                                "type": "linebreak",
                                "version": 1
                            },

                            {
                                "detail": 0,
                                "format": 0,
                                "mode": "normal",
                                "style": "",
                                "text": "Waterproof: No",
                                "type": "text",
                                "version": 1
                            },

                            {
                                "type": "linebreak",
                                "version": 1
                            },

                            {
                                "detail": 0,
                                "format": 0,
                                "mode": "normal",
                                "style": "",
                                "text": "Dial shape: round",
                                "type": "text",
                                "version": 1
                            },

                            {
                                "type": "linebreak",
                                "version": 1
                            },

                            {
                                "detail": 0,
                                "format": 0,
                                "mode": "normal",
                                "style": "",
                                "text": "Color: black, black-faced brown belt, brown-faced brown belt, brown",
                                "type": "text",
                                "version": 1
                            },

                            {
                                "type": "linebreak",
                                "version": 1
                            },

                            {
                                "detail": 0,
                                "format": 0,
                                "mode": "normal",
                                "style": "",
                                "text": "Dial thickness: 15mm",
                                "type": "text",
                                "version": 1
                            },

                            {
                                "type": "linebreak",
                                "version": 1
                            },

                            {
                                "detail": 0,
                                "format": 0,
                                "mode": "normal",
                                "style": "",
                                "text": "Dial diameter: 50mm",
                                "type": "text",
                                "version": 1
                            }
                        ],
                        "direction": null,
                        "format": "",
                        "indent": 0,
                        "type": "paragraph",
                        "version": 1,
                        "textFormat": 0,
                        "textStyle": ""
                    },

                    {
                        "children": [
                            {
                                "type": "linebreak",
                                "version": 1
                            },

                            {
                                "detail": 0,
                                "format": 1,
                                "mode": "normal",
                                "style": "",
                                "text": "Packing list:",
                                "type": "text",
                                "version": 1
                            }
                        ],
                        "direction": null,
                        "format": "",
                        "indent": 0,
                        "type": "paragraph",
                        "version": 1,
                        "textFormat": 0,
                        "textStyle": ""
                    },

                    {
                        "children": [
                            {
                                "detail": 0,
                                "format": 0,
                                "mode": "normal",
                                "style": "",
                                "text": "Belt*1Wallet*1Keychain*1Glasses*1Pen*1Watch*1",
                                "type": "text",
                                "version": 1
                            }
                        ],
                        "direction": null,
                        "format": "",
                        "indent": 0,
                        "type": "paragraph",
                        "version": 1,
                        "textFormat": 0,
                        "textStyle": ""
                    },

                    {
                        "children": [],
                        "direction": null,
                        "format": "",
                        "indent": 0,
                        "type": "paragraph",
                        "version": 1,
                        "textFormat": 0,
                        "textStyle": ""
                    },

                    {
                        "children": [],
                        "direction": null,
                        "format": "",
                        "indent": 0,
                        "type": "paragraph",
                        "version": 1,
                        "textFormat": 0,
                        "textStyle": ""
                    },

                    {
                        "children": [],
                        "direction": null,
                        "format": "",
                        "indent": 0,
                        "type": "paragraph",
                        "version": 1,
                        "textFormat": 0,
                        "textStyle": ""
                    },

                    {
                        "children": [],
                        "direction": null,
                        "format": "",
                        "indent": 0,
                        "type": "paragraph",
                        "version": 1,
                        "textFormat": 0,
                        "textStyle": ""
                    },

                    {
                        "children": [],
                        "direction": null,
                        "format": "",
                        "indent": 0,
                        "type": "paragraph",
                        "version": 1,
                        "textFormat": 0,
                        "textStyle": ""
                    }
                ],
                "direction": null,
                "format": "",
                "indent": 0,
                "type": "root",
                "version": 1
            }
        },

        "collections": 1,
        "handle": "watch-wallet-sunglasses-belt-gift-box-set-for-men",

        "variantOptions": [],

        "variants": [
            {
                "vid": "1446366642018848768",
                "imageUrl": "https://cf.cjdropshipping.com/e4d52bca-791c-41cb-95df-dd32b0c30ba6.jpg",
                "price": 16.3,
                "originalPrice": null,

                "options": [
                    {
                        "option": "Color",
                        "value": "Black"
                    }
                ],

                "gallery": []
            },

            {
                "vid": "1446366642031431680",
                "imageUrl": "https://cf.cjdropshipping.com/416206fb-34a1-4e03-b33b-022b10e1ce99.jpg",
                "price": 16.3,
                "originalPrice": null,

                "options": [
                    {
                        "option": "Color",
                        "value": "Brown"
                    }
                ],

                "gallery": []
            },

            {
                "vid": "1446366642039820288",
                "imageUrl": "https://cf.cjdropshipping.com/1cd2a113-2f05-405e-bd68-8f28106557ae.jpg",
                "price": 16.3,
                "originalPrice": null,

                "options": [
                    {
                        "option": "Color",
                        "value": "Brown Face Brown Belt"
                    }
                ],

                "gallery": []
            },

            {
                "vid": "1446366642052403200",
                "imageUrl": "https://cf.cjdropshipping.com/f17bd905-ac2c-48cb-af5c-9479e06b036a.jpg",
                "price": 16.3,
                "originalPrice": null,

                "options": [
                    {
                        "option": "Color",
                        "value": "Coffee color"
                    }
                ],

                "gallery": []
            }
        ],

        "customFields": []
    },
    {
        "pid": "6B4C8D6B-3DDC-4137-A340-DC2273FCA01F",
        "title": "Butterfly clasp solid steel band quartz watch for men",
        "currency": "USD",
        "visible": true,

        "salesChannels": [],

        "description": {
            "root": {
                "children": [
                    {
                        "children": [
                            {
                                "detail": 0,
                                "format": 0,
                                "mode": "normal",
                                "style": "",
                                "text": "Waterproof property: 30M",
                                "type": "text",
                                "version": 1
                            },

                            {
                                "type": "linebreak",
                                "version": 1
                            },

                            {
                                "detail": 0,
                                "format": 0,
                                "mode": "normal",
                                "style": "",
                                "text": "Movement type: quartz",
                                "type": "text",
                                "version": 1
                            },

                            {
                                "type": "linebreak",
                                "version": 1
                            },

                            {
                                "detail": 0,
                                "format": 0,
                                "mode": "normal",
                                "style": "",
                                "text": "Thickness: 12 mm",
                                "type": "text",
                                "version": 1
                            },

                            {
                                "type": "linebreak",
                                "version": 1
                            },

                            {
                                "detail": 0,
                                "format": 0,
                                "mode": "normal",
                                "style": "",
                                "text": "Dial diameter: 41mm",
                                "type": "text",
                                "version": 1
                            },

                            {
                                "type": "linebreak",
                                "version": 1
                            },

                            {
                                "detail": 0,
                                "format": 0,
                                "mode": "normal",
                                "style": "",
                                "text": "Mirror material: sapphire crystal glass mirror",
                                "type": "text",
                                "version": 1
                            },

                            {
                                "type": "linebreak",
                                "version": 1
                            },

                            {
                                "detail": 0,
                                "format": 0,
                                "mode": "normal",
                                "style": "",
                                "text": "Button style: butterfly double button",
                                "type": "text",
                                "version": 1
                            },

                            {
                                "type": "linebreak",
                                "version": 1
                            },

                            {
                                "detail": 0,
                                "format": 0,
                                "mode": "normal",
                                "style": "",
                                "text": "Material of buckle: stainless steel",
                                "type": "text",
                                "version": 1
                            },

                            {
                                "type": "linebreak",
                                "version": 1
                            },

                            {
                                "detail": 0,
                                "format": 0,
                                "mode": "normal",
                                "style": "",
                                "text": "Watchband material: stainless steel",
                                "type": "text",
                                "version": 1
                            },

                            {
                                "type": "linebreak",
                                "version": 1
                            },

                            {
                                "detail": 0,
                                "format": 0,
                                "mode": "normal",
                                "style": "",
                                "text": "Case material: alloy",
                                "type": "text",
                                "version": 1
                            }
                        ],
                        "direction": null,
                        "format": "",
                        "indent": 0,
                        "type": "paragraph",
                        "version": 1,
                        "textFormat": 0,
                        "textStyle": ""
                    },

                    {
                        "children": [],
                        "direction": null,
                        "format": "",
                        "indent": 0,
                        "type": "paragraph",
                        "version": 1,
                        "textFormat": 0,
                        "textStyle": ""
                    }
                ],
                "direction": null,
                "format": "",
                "indent": 0,
                "type": "root",
                "version": 1
            }
        },

        "collections": 1,
        "handle": "butterfly-clasp-solid-steel-band-quartz-watch-for-men",

        "variantOptions": [],

        "variants": [
            {
                "vid": "24E54A1B-107F-4584-9E6B-54353005F6A2",
                "imageUrl": "https://cf.cjdropshipping.com/20200417/88836744746.jpg",
                "price": 11.11,
                "originalPrice": null,

                "options": [
                    {
                        "option": "Color",
                        "value": "Black steel belt"
                    }
                ],

                "gallery": []
            },

            {
                "vid": "2C63EBAE-F22E-4273-8564-4F01E02CD3C5",
                "imageUrl": "https://cf.cjdropshipping.com/20200417/3554898175984.jpg",
                "price": 11.11,
                "originalPrice": null,

                "options": [
                    {
                        "option": "Color",
                        "value": "Black mesh belt"
                    }
                ],

                "gallery": []
            },

            {
                "vid": "6E1CC0C4-19E5-47C8-8E94-57AFAAE00020",
                "imageUrl": "https://cf.cjdropshipping.com/20200417/189237750590.jpg",
                "price": 11.11,
                "originalPrice": null,

                "options": [
                    {
                        "option": "Color",
                        "value": "Silver steel belt"
                    }
                ],

                "gallery": []
            },

            {
                "vid": "CA3B93FA-7F45-4FCC-8AED-23C46FEFB720",
                "imageUrl": "https://cf.cjdropshipping.com/20200417/42230151671911.jpg",
                "price": 11.11,
                "originalPrice": null,

                "options": [
                    {
                        "option": "Color",
                        "value": "Silver mesh belt"
                    }
                ],

                "gallery": []
            }
        ],

        "customFields": []
    },
    {
        "pid": "2407210941151627500",
        "title": "Personalized Creative Magnetic Suspension Waterproof Watch",
        "currency": "USD",
        "visible": true,

        "salesChannels": [],

        "description": {
            "root": {
                "children": [
                    {
                        "children": [
                            {
                                "detail": 0,
                                "format": 1,
                                "mode": "normal",
                                "style": "",
                                "text": "Product information:",
                                "type": "text",
                                "version": 1
                            },

                            {
                                "type": "linebreak",
                                "version": 1
                            },

                            {
                                "detail": 0,
                                "format": 0,
                                "mode": "normal",
                                "style": "",
                                "text": "Color: Black Steel Belt (with a watch box set), Black Belt (with a watch box set), black brown (with a watch box set), black (with a watch box set), black steel belt single watch, black belt single watch, black Brown single watch, black single watch",
                                "type": "text",
                                "version": 1
                            },

                            {
                                "type": "linebreak",
                                "version": 1
                            },

                            {
                                "detail": 0,
                                "format": 0,
                                "mode": "normal",
                                "style": "",
                                "text": "Thickness: 13mm",
                                "type": "text",
                                "version": 1
                            },

                            {
                                "type": "linebreak",
                                "version": 1
                            },

                            {
                                "detail": 0,
                                "format": 0,
                                "mode": "normal",
                                "style": "",
                                "text": "Applicable people: general",
                                "type": "text",
                                "version": 1
                            },

                            {
                                "type": "linebreak",
                                "version": 1
                            },

                            {
                                "detail": 0,
                                "format": 0,
                                "mode": "normal",
                                "style": "",
                                "text": "Style: Fashion",
                                "type": "text",
                                "version": 1
                            }
                        ],
                        "direction": null,
                        "format": "",
                        "indent": 0,
                        "type": "paragraph",
                        "version": 1,
                        "textFormat": 0,
                        "textStyle": ""
                    },

                    {
                        "children": [
                            {
                                "detail": 0,
                                "format": 1,
                                "mode": "normal",
                                "style": "",
                                "text": "Packing list:",
                                "type": "text",
                                "version": 1
                            },

                            {
                                "type": "linebreak",
                                "version": 1
                            },

                            {
                                "detail": 0,
                                "format": 0,
                                "mode": "normal",
                                "style": "",
                                "text": "Quartz watch set * 1 or bare watch * 1  ",
                                "type": "text",
                                "version": 1
                            },

                            {
                                "detail": 0,
                                "format": 1,
                                "mode": "normal",
                                "style": "",
                                "text": "Product Image:",
                                "type": "text",
                                "version": 1
                            },

                            {
                                "detail": 0,
                                "format": 0,
                                "mode": "normal",
                                "style": "",
                                "text": " ",
                                "type": "text",
                                "version": 1
                            }
                        ],
                        "direction": null,
                        "format": "",
                        "indent": 0,
                        "type": "paragraph",
                        "version": 1,
                        "textFormat": 0,
                        "textStyle": ""
                    }
                ],
                "direction": null,
                "format": "",
                "indent": 0,
                "type": "root",
                "version": 1
            }
        },

        "collections": 1,
        "handle": "personalized-creative-magnetic-suspension-waterproof-watch",

        "variantOptions": [],

        "variants": [
            {
                "vid": "2407210941151627700",
                "imageUrl": "https://cf.cjdropshipping.com/quick/product/2f48fa66-25f0-4a54-9a04-99076b1b998b.jpg",
                "price": 17.08,
                "originalPrice": null,

                "options": [
                    {
                        "option": "Color",
                        "value": "Black Steel Belt Set"
                    }
                ],

                "gallery": []
            },

            {
                "vid": "2407210941151627900",
                "imageUrl": "https://cf.cjdropshipping.com/quick/product/43c875e4-353b-46e5-a99a-824d436449d6.jpg",
                "price": 16.25,
                "originalPrice": null,

                "options": [
                    {
                        "option": "Color",
                        "value": "Black Belt Set"
                    }
                ],

                "gallery": []
            },

            {
                "vid": "2407210941151628000",
                "imageUrl": "https://cf.cjdropshipping.com/quick/product/f8558f3c-dde7-4826-9d13-5a7c54e24350.jpg",
                "price": 16.25,
                "originalPrice": null,

                "options": [
                    {
                        "option": "Color",
                        "value": "Black Brown Set"
                    }
                ],

                "gallery": []
            },

            {
                "vid": "2407210941151628200",
                "imageUrl": "https://cf.cjdropshipping.com/quick/product/01b857a4-1f13-4bfb-9a45-dc939f5c9b0a.jpg",
                "price": 16.25,
                "originalPrice": null,

                "options": [
                    {
                        "option": "Color",
                        "value": "Black One Set"
                    }
                ],

                "gallery": []
            },

            {
                "vid": "2407210941151628400",
                "imageUrl": "https://cf.cjdropshipping.com/quick/product/a1a043d9-160c-400c-bc5f-83a7f293db07.jpg",
                "price": 15.42,
                "originalPrice": null,

                "options": [
                    {
                        "option": "Color",
                        "value": "Black Steel Belt Single Watch"
                    }
                ],

                "gallery": []
            },

            {
                "vid": "2407210941151628600",
                "imageUrl": "https://cf.cjdropshipping.com/quick/product/8a08df48-d517-406e-b5d8-102d4e9d1c62.jpg",
                "price": 14.59,
                "originalPrice": null,

                "options": [
                    {
                        "option": "Color",
                        "value": "Black Belt Single Watch"
                    }
                ],

                "gallery": []
            },

            {
                "vid": "2407210941151628700",
                "imageUrl": "https://cf.cjdropshipping.com/quick/product/85a077c2-0c3d-4429-9823-61776824aba6.jpg",
                "price": 14.59,
                "originalPrice": null,

                "options": [
                    {
                        "option": "Color",
                        "value": "Black Brown Single Watch"
                    }
                ],

                "gallery": []
            },

            {
                "vid": "2407210941151628900",
                "imageUrl": "https://cf.cjdropshipping.com/quick/product/fdb5910f-05a7-49fb-9d21-e075ed16b4e7.jpg",
                "price": 14.59,
                "originalPrice": null,

                "options": [
                    {
                        "option": "Color",
                        "value": "Table Black Single"
                    }
                ],

                "gallery": []
            }
        ],

        "customFields": []
    },
    {
        "pid": "1598944813683060736",
        "title": "New Automatic Mechanical Watches For Men",
        "currency": "USD",
        "visible": true,

        "salesChannels": [],

        "description": {
            "root": {
                "children": [
                    {
                        "children": [
                            {
                                "detail": 0,
                                "format": 1,
                                "mode": "normal",
                                "style": "",
                                "text": "Product information:",
                                "type": "text",
                                "version": 1
                            }
                        ],
                        "direction": null,
                        "format": "",
                        "indent": 0,
                        "type": "paragraph",
                        "version": 1,
                        "textFormat": 0,
                        "textStyle": ""
                    },

                    {
                        "children": [
                            {
                                "detail": 0,
                                "format": 0,
                                "mode": "normal",
                                "style": "",
                                "text": "Product Name: Watch",
                                "type": "text",
                                "version": 1
                            },

                            {
                                "type": "linebreak",
                                "version": 1
                            },

                            {
                                "detail": 0,
                                "format": 0,
                                "mode": "normal",
                                "style": "",
                                "text": "Strap material: stainless steel",
                                "type": "text",
                                "version": 1
                            },

                            {
                                "type": "linebreak",
                                "version": 1
                            },

                            {
                                "detail": 0,
                                "format": 0,
                                "mode": "normal",
                                "style": "",
                                "text": "Case material: alloy",
                                "type": "text",
                                "version": 1
                            },

                            {
                                "type": "linebreak",
                                "version": 1
                            },

                            {
                                "detail": 0,
                                "format": 0,
                                "mode": "normal",
                                "style": "",
                                "text": "Watch mirror material: mineral reinforced glass mirror",
                                "type": "text",
                                "version": 1
                            },

                            {
                                "type": "linebreak",
                                "version": 1
                            },

                            {
                                "detail": 0,
                                "format": 0,
                                "mode": "normal",
                                "style": "",
                                "text": "Dial diameter: 48mm",
                                "type": "text",
                                "version": 1
                            },

                            {
                                "type": "linebreak",
                                "version": 1
                            },

                            {
                                "detail": 0,
                                "format": 0,
                                "mode": "normal",
                                "style": "",
                                "text": "Dial thickness: 12mm",
                                "type": "text",
                                "version": 1
                            },

                            {
                                "type": "linebreak",
                                "version": 1
                            },

                            {
                                "detail": 0,
                                "format": 0,
                                "mode": "normal",
                                "style": "",
                                "text": "Water resistance depth: 3ATM",
                                "type": "text",
                                "version": 1
                            },

                            {
                                "type": "linebreak",
                                "version": 1
                            },

                            {
                                "detail": 0,
                                "format": 0,
                                "mode": "normal",
                                "style": "",
                                "text": "Movement type: quartz movement",
                                "type": "text",
                                "version": 1
                            },

                            {
                                "type": "linebreak",
                                "version": 1
                            },

                            {
                                "detail": 0,
                                "format": 0,
                                "mode": "normal",
                                "style": "",
                                "text": "Style: sports",
                                "type": "text",
                                "version": 1
                            },

                            {
                                "type": "linebreak",
                                "version": 1
                            },

                            {
                                "detail": 0,
                                "format": 0,
                                "mode": "normal",
                                "style": "",
                                "text": "Additional features: 24-hour indication calendar small three hands",
                                "type": "text",
                                "version": 1
                            },

                            {
                                "type": "linebreak",
                                "version": 1
                            },

                            {
                                "detail": 0,
                                "format": 0,
                                "mode": "normal",
                                "style": "",
                                "text": "Color classification: gray [belt] red [belt] yellow [belt] white [belt] ",
                                "type": "text",
                                "version": 1
                            }
                        ],
                        "direction": null,
                        "format": "",
                        "indent": 0,
                        "type": "paragraph",
                        "version": 1,
                        "textFormat": 0,
                        "textStyle": ""
                    },

                    {
                        "children": [
                            {
                                "type": "linebreak",
                                "version": 1
                            },

                            {
                                "detail": 0,
                                "format": 1,
                                "mode": "normal",
                                "style": "",
                                "text": "Packing list:",
                                "type": "text",
                                "version": 1
                            }
                        ],
                        "direction": null,
                        "format": "",
                        "indent": 0,
                        "type": "paragraph",
                        "version": 1,
                        "textFormat": 0,
                        "textStyle": ""
                    },

                    {
                        "children": [
                            {
                                "detail": 0,
                                "format": 0,
                                "mode": "normal",
                                "style": "",
                                "text": "Watch x1",
                                "type": "text",
                                "version": 1
                            }
                        ],
                        "direction": null,
                        "format": "",
                        "indent": 0,
                        "type": "paragraph",
                        "version": 1,
                        "textFormat": 0,
                        "textStyle": ""
                    },

                    {
                        "children": [],
                        "direction": null,
                        "format": "",
                        "indent": 0,
                        "type": "paragraph",
                        "version": 1,
                        "textFormat": 0,
                        "textStyle": ""
                    }
                ],
                "direction": null,
                "format": "",
                "indent": 0,
                "type": "root",
                "version": 1
            }
        },

        "collections": 2,
        "handle": "new-automatic-mechanical-watches-for-men",

        "variantOptions": [],

        "variants": [
            {
                "vid": "1598944813712420864",
                "imageUrl": "https://cf.cjdropshipping.com/795d942f-822e-4055-a902-370953bd4a5b.jpg",
                "price": 26.2,
                "originalPrice": null,

                "options": [
                    {
                        "option": "Color",
                        "value": "Grey"
                    }
                ],

                "gallery": []
            },

            {
                "vid": "1598944813716615168",
                "imageUrl": "https://cf.cjdropshipping.com/99ae38ea-de9c-40d1-9006-ddcc42abe7f5.jpg",
                "price": 26.2,
                "originalPrice": null,

                "options": [
                    {
                        "option": "Color",
                        "value": "Red"
                    }
                ],

                "gallery": []
            },

            {
                "vid": "1598944813716615169",
                "imageUrl": "https://cf.cjdropshipping.com/ca28bf49-8e09-4431-9d02-b78fd8ad80ad.jpg",
                "price": 26.2,
                "originalPrice": null,

                "options": [
                    {
                        "option": "Color",
                        "value": "Yellow"
                    }
                ],

                "gallery": []
            },

            {
                "vid": "1598944813720809472",
                "imageUrl": "https://cf.cjdropshipping.com/8c4db9e7-a4cc-415e-b45b-cb3e9ac4d3f0.jpg",
                "price": 26.2,
                "originalPrice": null,

                "options": [
                    {
                        "option": "Color",
                        "value": "White"
                    }
                ],

                "gallery": []
            }
        ],

        "customFields": []
    },
    {
        "pid": "BDB380F2-E615-4358-9DC8-6DD0EC304DEE",
        "title": "Simple men and women unisex watches",
        "currency": "USD",
        "visible": true,

        "salesChannels": [],

        "description": {
            "root": {
                "children": [
                    {
                        "children": [
                            {
                                "detail": 0,
                                "format": 0,
                                "mode": "normal",
                                "style": "",
                                "text": "Waterproof performance: 30M",
                                "type": "text",
                                "version": 1
                            },

                            {
                                "type": "linebreak",
                                "version": 1
                            },

                            {
                                "detail": 0,
                                "format": 0,
                                "mode": "normal",
                                "style": "",
                                "text": "Movement type: quartz",
                                "type": "text",
                                "version": 1
                            },

                            {
                                "type": "linebreak",
                                "version": 1
                            },

                            {
                                "detail": 0,
                                "format": 0,
                                "mode": "normal",
                                "style": "",
                                "text": "Thickness: 8mm",
                                "type": "text",
                                "version": 1
                            },

                            {
                                "type": "linebreak",
                                "version": 1
                            },

                            {
                                "detail": 0,
                                "format": 0,
                                "mode": "normal",
                                "style": "",
                                "text": "Dial diameter: 40mm",
                                "type": "text",
                                "version": 1
                            },

                            {
                                "type": "linebreak",
                                "version": 1
                            },

                            {
                                "detail": 0,
                                "format": 0,
                                "mode": "normal",
                                "style": "",
                                "text": "Mirror material: mineral strengthened glass mirror",
                                "type": "text",
                                "version": 1
                            },

                            {
                                "type": "linebreak",
                                "version": 1
                            },

                            {
                                "detail": 0,
                                "format": 0,
                                "mode": "normal",
                                "style": "",
                                "text": "Buckle style: pin buckle",
                                "type": "text",
                                "version": 1
                            },

                            {
                                "type": "linebreak",
                                "version": 1
                            },

                            {
                                "detail": 0,
                                "format": 0,
                                "mode": "normal",
                                "style": "",
                                "text": "Buckle material: stainless steel",
                                "type": "text",
                                "version": 1
                            },

                            {
                                "type": "linebreak",
                                "version": 1
                            },

                            {
                                "detail": 0,
                                "format": 0,
                                "mode": "normal",
                                "style": "",
                                "text": "Strap material: PU",
                                "type": "text",
                                "version": 1
                            },

                            {
                                "type": "linebreak",
                                "version": 1
                            },

                            {
                                "detail": 0,
                                "format": 0,
                                "mode": "normal",
                                "style": "",
                                "text": "Case material: alloy",
                                "type": "text",
                                "version": 1
                            }
                        ],
                        "direction": null,
                        "format": "",
                        "indent": 0,
                        "type": "paragraph",
                        "version": 1,
                        "textFormat": 0,
                        "textStyle": ""
                    },

                    {
                        "children": [],
                        "direction": null,
                        "format": "",
                        "indent": 0,
                        "type": "paragraph",
                        "version": 1,
                        "textFormat": 0,
                        "textStyle": ""
                    }
                ],
                "direction": null,
                "format": "",
                "indent": 0,
                "type": "root",
                "version": 1
            }
        },

        "collections": 2,
        "handle": "simple-men-and-women-unisex-watches",

        "variantOptions": [],

        "variants": [
            {
                "vid": "2301D9C4-8EBE-4BD3-80F6-8B5E0C98BD58",
                "imageUrl": "https://cf.cjdropshipping.com/20200708/662739093915.jpg",
                "price": 4.68,
                "originalPrice": null,

                "options": [
                    {
                        "option": "Color",
                        "value": "Coffee white"
                    }
                ],

                "gallery": []
            },

            {
                "vid": "536F7525-5EE0-44F3-B560-E65279C549AB",
                "imageUrl": "https://cf.cjdropshipping.com/20200708/26777111132600.jpg",
                "price": 4.68,
                "originalPrice": null,

                "options": [
                    {
                        "option": "Color",
                        "value": "White black"
                    }
                ],

                "gallery": []
            },

            {
                "vid": "8CAA1865-9402-4B86-9C75-E739845E9100",
                "imageUrl": "https://cf.cjdropshipping.com/20200708/2141643882338.jpg",
                "price": 4.68,
                "originalPrice": null,

                "options": [
                    {
                        "option": "Color",
                        "value": "Rose black"
                    }
                ],

                "gallery": []
            },

            {
                "vid": "8DE84481-5359-4EE2-9DCF-00D079AB76B2",
                "imageUrl": "https://cf.cjdropshipping.com/20200708/824371540159.jpg",
                "price": 4.68,
                "originalPrice": null,

                "options": [
                    {
                        "option": "Color",
                        "value": "Full black"
                    }
                ],

                "gallery": []
            },

            {
                "vid": "9B34211F-7E76-4800-B57D-58B63486D67F",
                "imageUrl": "https://cf.cjdropshipping.com/20200708/8568668375386.jpg",
                "price": 4.68,
                "originalPrice": null,

                "options": [
                    {
                        "option": "Color",
                        "value": "Rose white"
                    }
                ],

                "gallery": []
            },

            {
                "vid": "B382A8A6-E430-48B8-A07C-462E04B2D6FD",
                "imageUrl": "https://cf.cjdropshipping.com/20200708/1107169999513.jpg",
                "price": 4.68,
                "originalPrice": null,

                "options": [
                    {
                        "option": "Color",
                        "value": "White grey"
                    }
                ],

                "gallery": []
            }
        ],

        "customFields": []
    },
    {
        "pid": "1797514535046221824",
        "title": "Business Men's Watch Quartz",
        "currency": "USD",
        "visible": true,

        "salesChannels": [],

        "description": {
            "root": {
                "children": [
                    {
                        "children": [
                            {
                                "detail": 0,
                                "format": 1,
                                "mode": "normal",
                                "style": "",
                                "text": "Product information:",
                                "type": "text",
                                "version": 1
                            },

                            {
                                "type": "linebreak",
                                "version": 1
                            },

                            {
                                "detail": 0,
                                "format": 0,
                                "mode": "normal",
                                "style": "",
                                "text": "Color: 342 blackboard black belt, 342 blackboard brown belt, 342 whiteboard black belt, 342 whiteboard brown belt",
                                "type": "text",
                                "version": 1
                            },

                            {
                                "type": "linebreak",
                                "version": 1
                            },

                            {
                                "detail": 0,
                                "format": 0,
                                "mode": "normal",
                                "style": "",
                                "text": "Watch material: concave glass",
                                "type": "text",
                                "version": 1
                            },

                            {
                                "type": "linebreak",
                                "version": 1
                            },

                            {
                                "detail": 0,
                                "format": 0,
                                "mode": "normal",
                                "style": "",
                                "text": "Dial size: diameter about 40MM, thickness about 10.0MM",
                                "type": "text",
                                "version": 1
                            },

                            {
                                "type": "linebreak",
                                "version": 1
                            },

                            {
                                "detail": 0,
                                "format": 0,
                                "mode": "normal",
                                "style": "",
                                "text": "Watch strap size: width 2CM, length 24CM",
                                "type": "text",
                                "version": 1
                            }
                        ],
                        "direction": null,
                        "format": "",
                        "indent": 0,
                        "type": "paragraph",
                        "version": 1,
                        "textFormat": 0,
                        "textStyle": ""
                    },

                    {
                        "children": [
                            {
                                "detail": 0,
                                "format": 1,
                                "mode": "normal",
                                "style": "",
                                "text": "Packing list:",
                                "type": "text",
                                "version": 1
                            },

                            {
                                "type": "linebreak",
                                "version": 1
                            },

                            {
                                "detail": 0,
                                "format": 0,
                                "mode": "normal",
                                "style": "",
                                "text": "Watch * 1",
                                "type": "text",
                                "version": 1
                            },

                            {
                                "type": "linebreak",
                                "version": 1
                            },

                            {
                                "detail": 0,
                                "format": 1,
                                "mode": "normal",
                                "style": "",
                                "text": "Product Image:",
                                "type": "text",
                                "version": 1
                            },

                            {
                                "type": "linebreak",
                                "version": 1
                            }
                        ],
                        "direction": null,
                        "format": "",
                        "indent": 0,
                        "type": "paragraph",
                        "version": 1,
                        "textFormat": 0,
                        "textStyle": ""
                    }
                ],
                "direction": null,
                "format": "",
                "indent": 0,
                "type": "root",
                "version": 1
            }
        },

        "collections": 3,
        "handle": "business-mens-watch-quartz",

        "variantOptions": [],

        "variants": [
            {
                "vid": "1797514535125913600",
                "imageUrl": "https://cf.cjdropshipping.com/quick/product/918d3534-428d-4ecd-a391-c533cf6be0b6.jpg",
                "price": 3.15,
                "originalPrice": null,

                "options": [
                    {
                        "option": "Color",
                        "value": "342 Black Plate Black Belt"
                    }
                ],

                "gallery": []
            },

            {
                "vid": "1797514535193022464",
                "imageUrl": "https://cf.cjdropshipping.com/quick/product/be442d56-a7c7-456e-beab-a6fe9df54b12.jpg",
                "price": 3.15,
                "originalPrice": null,

                "options": [
                    {
                        "option": "Color",
                        "value": "342 Black Plate Brown Belt"
                    }
                ],

                "gallery": []
            },

            {
                "vid": "1797514535260131328",
                "imageUrl": "https://cf.cjdropshipping.com/quick/product/5016ff19-d58a-4aa7-8d68-ce64658accaf.jpg",
                "price": 3.15,
                "originalPrice": null,

                "options": [
                    {
                        "option": "Color",
                        "value": "342 White Plate Black Belt"
                    }
                ],

                "gallery": []
            },

            {
                "vid": "1797514535323045888",
                "imageUrl": "https://cf.cjdropshipping.com/quick/product/9ffbe5b0-81fa-4d6f-be8f-18809939c829.jpg",
                "price": 3.15,
                "originalPrice": null,

                "options": [
                    {
                        "option": "Color",
                        "value": "342 White Plate Brown Belt"
                    }
                ],

                "gallery": []
            }
        ],

        "customFields": []
    }
]
